date,opening_balance,rate_applied,deposits,contributions,withdrawals,interest,closing_balance
2026-04-22,0.0000,0.0800,100.0000,0.0000,0.0000,0.0000,100.0000
2026-04-23,100.0000,0.0800,0.0000,0.0000,0.0000,0.0211,100.0211
2026-04-24,100.0211,0.5000,0.0000,0.0000,0.0000,0.1112,100.1323
2026-04-25,100.1323,0.5000,0.0000,0.0000,0.0000,0.1113,100.2436
2026-04-26,100.2436,0.5000,0.0000,10.0000,0.0000,0.1225,110.3661
2026-04-27,110.3661,0.5000,5.0000,0.0000,0.0000,0.1282,115.4943
2026-04-28,115.4943,0.5000,0.0000,0.0000,0.0000,0.1284,115.6227
2026-04-29,115.6227,0.5000,0.0000,0.0000,0.0000,0.1285,115.7512
2026-04-30,115.7512,0.5000,0.0000,0.0000,0.0000,0.1287,115.8799
2026-05-01,115.8799,0.5000,0.0000,0.0000,0.0000,0.1288,116.0087
2026-05-02,116.0087,0.5000,0.0000,0.0000,0.0000,0.1289,116.1376
2026-05-03,116.1376,0.5000,0.0000,0.0000,0.0000,0.1291,116.2667
2026-05-04,116.2667,0.5000,0.0000,0.0000,0.0000,0.1292,116.3959
2026-05-05,116.3959,0.5000,0.0000,0.0000,0.0000,0.1294,116.5253
2026-05-06,116.5253,0.5000,0.0000,0.0000,0.0000,0.1295,116.6548
2026-05-07,116.6548,0.5000,0.0000,0.0000,0.0000,0.1297,116.7845
2026-05-08,116.7845,0.5000,0.0000,0.0000,0.0000,0.1298,116.9143
2026-05-09,116.9143,0.5000,0.0000,0.0000,0.0000,0.1299,117.0442
2026-05-10,117.0442,0.5000,0.0000,0.0000,0.0000,0.1301,117.1743
2026-05-11,117.1743,0.5000,0.0000,0.0000,0.0000,0.1302,117.3045
2026-05-12,117.3045,0.5000,0.0000,0.0000,0.0000,0.1304,117.4349
2026-05-13,117.4349,0.5000,0.0000,0.0000,0.0000,0.1305,117.5655
2026-05-14,117.5655,0.5000,0.0000,0.0000,0.0000,0.1307,117.6961
2026-05-15,117.6961,0.5000,0.0000,0.0000,0.0000,0.1308,117.8269
2026-05-16,117.8269,0.5000,0.0000,0.0000,0.0000,0.1310,117.9579
2026-05-17,117.9579,0.5000,0.0000,0.0000,0.0000,0.1311,118.0890
2026-05-18,118.0890,0.5000,0.0000,0.0000,0.0000,0.1313,118.2203
2026-05-19,118.2203,0.5000,0.0000,0.0000,0.0000,0.1314,118.3517
2026-05-20,118.3517,0.5000,0.0000,0.0000,0.0000,0.1315,118.4832
2026-05-21,118.4832,0.5000,0.0000,0.0000,0.0000,0.1317,118.6149
2026-05-22,118.6149,0.5000,0.0000,0.0000,0.0000,0.1318,118.7467
2026-05-23,118.7467,0.5000,0.0000,0.0000,0.0000,0.1320,118.8787
2026-05-24,118.8787,0.5000,0.0000,0.0000,0.0000,0.1321,119.0109
2026-05-25,119.0109,0.5000,0.0000,0.0000,0.0000,0.1323,119.1431
2026-05-26,119.1431,0.5000,0.0000,10.0000,0.0000,0.1435,129.2867
2026-05-27,129.2867,0.5000,0.0000,0.0000,0.0000,0.1437,129.4304
2026-05-28,129.4304,0.5000,0.0000,0.0000,0.0000,0.1439,129.5742
2026-05-29,129.5742,0.5000,0.0000,0.0000,0.0000,0.1440,129.7183
2026-05-30,129.7183,0.5000,0.0000,0.0000,0.0000,0.1442,129.8624
2026-05-31,129.8624,0.5000,0.0000,0.0000,0.0000,0.1443,130.0068
2026-06-01,130.0068,0.5000,0.0000,0.0000,0.0000,0.1445,130.1513
2026-06-02,130.1513,0.5000,0.0000,0.0000,0.0000,0.1447,130.2960
2026-06-03,130.2960,0.5000,0.0000,0.0000,0.0000,0.1448,130.4408
2026-06-04,130.4408,0.5000,0.0000,0.0000,0.0000,0.1450,130.5858
2026-06-05,130.5858,0.5000,0.0000,0.0000,0.0000,0.1451,130.7309
2026-06-06,130.7309,0.5000,0.0000,0.0000,0.0000,0.1453,130.8762
2026-06-07,130.8762,0.5000,0.0000,0.0000,0.0000,0.1455,131.0217
2026-06-08,131.0217,0.5000,0.0000,0.0000,0.0000,0.1456,131.1673
2026-06-09,131.1673,0.5000,0.0000,0.0000,0.0000,0.1458,131.3131
2026-06-10,131.3131,0.5000,0.0000,0.0000,0.0000,0.1460,131.4590
2026-06-11,131.4590,0.5000,0.0000,0.0000,0.0000,0.1461,131.6052
2026-06-12,131.6052,0.5000,0.0000,0.0000,0.0000,0.1463,131.7514
2026-06-13,131.7514,0.5000,0.0000,0.0000,0.0000,0.1464,131.8979
2026-06-14,131.8979,0.5000,0.0000,0.0000,0.0000,0.1466,132.0445
2026-06-15,132.0445,0.5000,0.0000,0.0000,0.0000,0.1468,132.1912
2026-06-16,132.1912,0.5000,0.0000,0.0000,0.0000,0.1469,132.3382
2026-06-17,132.3382,0.5000,0.0000,0.0000,0.0000,0.1471,132.4853
2026-06-18,132.4853,0.5000,0.0000,0.0000,0.0000,0.1473,132.6325
2026-06-19,132.6325,0.5000,0.0000,0.0000,0.0000,0.1474,132.7799
2026-06-20,132.7799,0.5000,0.0000,0.0000,0.0000,0.1476,132.9275
2026-06-21,132.9275,0.5000,0.0000,0.0000,0.0000,0.1477,133.0753
2026-06-22,133.0753,0.5000,0.0000,0.0000,0.0000,0.1479,133.2232
2026-06-23,133.2232,0.5000,0.0000,0.0000,0.0000,0.1481,133.3713
2026-06-24,133.3713,0.5000,0.0000,0.0000,0.0000,0.1482,133.5195
2026-06-25,133.5195,0.5000,0.0000,0.0000,0.0000,0.1484,133.6679
2026-06-26,133.6679,0.5000,0.0000,10.0000,0.0000,0.1597,143.8276
2026-06-27,143.8276,0.5000,0.0000,0.0000,0.0000,0.1599,143.9874
2026-06-28,143.9874,0.5000,0.0000,0.0000,0.0000,0.1600,144.1475
2026-06-29,144.1475,0.5000,0.0000,0.0000,0.0000,0.1602,144.3077
2026-06-30,144.3077,0.5000,0.0000,0.0000,0.0000,0.1604,144.4681
2026-07-01,144.4681,0.5000,0.0000,0.0000,0.0000,0.1606,144.6287
2026-07-02,144.6287,0.5000,0.0000,0.0000,0.0000,0.1608,144.7895
2026-07-03,144.7895,0.5000,0.0000,0.0000,0.0000,0.1609,144.9504
2026-07-04,144.9504,0.5000,0.0000,0.0000,0.0000,0.1611,145.1115
2026-07-05,145.1115,0.5000,0.0000,0.0000,0.0000,0.1613,145.2728
2026-07-06,145.2728,0.5000,0.0000,0.0000,0.0000,0.1615,145.4342
2026-07-07,145.4342,0.5000,0.0000,0.0000,0.0000,0.1616,145.5959
2026-07-08,145.5959,0.5000,0.0000,0.0000,0.0000,0.1618,145.7577
2026-07-09,145.7577,0.5000,0.0000,0.0000,0.0000,0.1620,145.9197
2026-07-10,145.9197,0.5000,0.0000,0.0000,0.0000,0.1622,146.0819
2026-07-11,146.0819,0.5000,0.0000,0.0000,0.0000,0.1624,146.2443
2026-07-12,146.2443,0.5000,0.0000,0.0000,0.0000,0.1625,146.4068
2026-07-13,146.4068,0.5000,0.0000,0.0000,0.0000,0.1627,146.5696
2026-07-14,146.5696,0.5000,0.0000,0.0000,0.0000,0.1629,146.7325
2026-07-15,146.7325,0.5000,0.0000,0.0000,0.0000,0.1631,146.8956
2026-07-16,146.8956,0.5000,0.0000,0.0000,0.0000,0.1633,147.0588
2026-07-17,147.0588,0.5000,0.0000,0.0000,0.0000,0.1635,147.2223
2026-07-18,147.2223,0.5000,0.0000,0.0000,0.0000,0.1636,147.3859
2026-07-19,147.3859,0.5000,0.0000,0.0000,0.0000,0.1638,147.5497
2026-07-20,147.5497,0.5000,0.0000,0.0000,0.0000,0.1640,147.7137
2026-07-21,147.7137,0.5000,0.0000,0.0000,0.0000,0.1642,147.8779
2026-07-22,147.8779,0.5000,0.0000,0.0000,0.0000,0.1644,148.0423
2026-07-23,148.0423,0.5000,0.0000,0.0000,0.0000,0.1645,148.2068
2026-07-24,148.2068,0.5000,0.0000,0.0000,0.0000,0.1647,148.3716
2026-07-25,148.3716,0.5000,0.0000,0.0000,0.0000,0.1649,148.5365
2026-07-26,148.5365,0.5000,0.0000,10.0000,0.0000,0.1762,158.7127
2026-07-27,158.7127,0.5000,0.0000,0.0000,0.0000,0.1764,158.8891
2026-07-28,158.8891,0.5000,0.0000,0.0000,0.0000,0.1766,159.0657
2026-07-29,159.0657,0.5000,0.0000,0.0000,0.0000,0.1768,159.2425
2026-07-30,159.2425,0.5000,0.0000,0.0000,0.0000,0.1770,159.4195
2026-07-31,159.4195,0.5000,0.0000,0.0000,0.0000,0.1772,159.5967
2026-08-01,159.5967,0.5000,0.0000,0.0000,0.0000,0.1774,159.7741
